LECROYWR6050,12680,Waveform
Segments,1,SegmentSize,2002
Segment,TrigTime,TimeSinceSegment1
#1,05-Apr-2022 13:03:18,0                 
Time,Ampl
-1.965689e-007,0.992646
-1.955689e-007,0.992646
-1.945689e-007,0.992646
-1.935689e-007,0.992646
-1.925689e-007,0.992646
-1.915689e-007,0.992646
-1.905689e-007,-1.65903
-1.895689e-007,-0.775138
-1.885689e-007,0.992646
-1.875689e-007,-1.65903
-1.865689e-007,-0.775138
-1.855689e-007,0.992646
-1.845689e-007,0.108754
-1.835689e-007,0.108754
-1.825689e-007,-0.775138
-1.815689e-007,0.108754
-1.805689e-007,-0.775138
-1.795689e-007,0.992646
-1.785689e-007,-1.65903
-1.775689e-007,0.992646
-1.765689e-007,1.87654
-1.755689e-007,0.992646
-1.745689e-007,0.108754
-1.735689e-007,0.108754
-1.725689e-007,1.87654
-1.715689e-007,0.992646
-1.705689e-007,0.992646
-1.695689e-007,0.992646
-1.685689e-007,0.108754
-1.675689e-007,0.992646
-1.665689e-007,0.108754
-1.655689e-007,0.108754
-1.645689e-007,-0.775138
-1.635689e-007,0.108754
-1.625689e-007,0.108754
-1.615689e-007,0.108754
-1.605689e-007,0.108754
-1.595689e-007,0.992646
-1.585689e-007,0.992646
-1.575689e-007,-0.775138
-1.565689e-007,-0.775138
-1.555689e-007,0.992646
-1.545689e-007,0.108754
-1.535689e-007,0.992646
-1.525689e-007,0.108754
-1.515689e-007,-0.775138
-1.505689e-007,-0.775138
-1.495689e-007,1.87654
-1.485689e-007,0.992646
-1.475689e-007,-0.775138
-1.465689e-007,0.108754
-1.455689e-007,0.992646
-1.445689e-007,0.108754
-1.435689e-007,1.87654
-1.425689e-007,0.108754
-1.415689e-007,0.992646
-1.405689e-007,0.992646
-1.395689e-007,0.108754
-1.385689e-007,0.108754
-1.375689e-007,0.992646
-1.365689e-007,0.108754
-1.355689e-007,-0.775138
-1.345689e-007,0.992646
-1.335689e-007,0.108754
-1.325689e-007,0.108754
-1.315689e-007,1.87654
-1.305689e-007,-0.775138
-1.295689e-007,-0.775138
-1.285689e-007,0.992646
-1.275689e-007,0.992646
-1.265689e-007,0.108754
-1.255689e-007,0.108754
-1.245689e-007,0.992646
-1.235689e-007,0.108754
-1.225689e-007,0.108754
-1.215689e-007,-0.775138
-1.205689e-007,-0.775138
-1.195689e-007,0.108754
-1.185689e-007,0.108754
-1.175689e-007,0.992646
-1.165689e-007,0.992646
-1.155689e-007,0.108754
-1.145689e-007,0.992646
-1.135689e-007,1.87654
-1.125689e-007,0.108754
-1.115689e-007,0.108754
-1.105689e-007,1.87654
-1.095689e-007,-0.775138
-1.085689e-007,-0.775138
-1.075689e-007,0.992646
-1.065689e-007,-1.65903
-1.055689e-007,-0.775138
-1.045689e-007,0.992646
-1.035689e-007,1.87654
-1.025689e-007,-0.775138
-1.015689e-007,0.992646
-1.005689e-007,-0.775138
-9.956887e-008,2.76043
-9.856887e-008,0.992646
-9.756887e-008,2.76043
-9.656887e-008,0.108754
-9.556887e-008,0.108754
-9.456887e-008,0.108754
-9.356887e-008,0.108754
-9.256887e-008,2.76043
-9.156887e-008,0.992646
-9.056887e-008,0.108754
-8.956887e-008,0.108754
-8.856887e-008,0.108754
-8.756887e-008,0.108754
-8.656887e-008,0.108754
-8.556887e-008,-0.775138
-8.456887e-008,0.108754
-8.356887e-008,-0.775138
-8.256887e-008,-1.65903
-8.156887e-008,0.108754
-8.056887e-008,1.87654
-7.956887e-008,2.76043
-7.856887e-008,2.76043
-7.756887e-008,2.76043
-7.656887e-008,3.64432
-7.556887e-008,0.992646
-7.456887e-008,0.992646
-7.356887e-008,0.108754
-7.256887e-008,-0.775138
-7.156887e-008,0.992646
-7.056887e-008,0.108754
-6.956887e-008,1.87654
-6.856887e-008,1.87654
-6.756887e-008,0.992646
-6.656887e-008,0.992646
-6.556887e-008,2.76043
-6.456887e-008,3.64432
-6.356887e-008,4.52821
-6.256887e-008,2.76043
-6.156887e-008,0.108754
-6.056887e-008,0.108754
-5.956887e-008,0.108754
-5.856887e-008,0.108754
-5.756887e-008,1.87654
-5.656887e-008,0.992646
-5.556887e-008,0.108754
-5.456887e-008,-0.775138
-5.356887e-008,1.87654
-5.256887e-008,0.992646
-5.156887e-008,1.87654
-5.056887e-008,1.87654
-4.956887e-008,1.87654
-4.856887e-008,1.87654
-4.756887e-008,0.108754
-4.656887e-008,-2.54292
-4.556887e-008,-5.1946
-4.456887e-008,-1.65903
-4.356887e-008,-4.31071
-4.256887e-008,-4.31071
-4.156887e-008,-4.31071
-4.056887e-008,-5.1946
-3.956887e-008,-4.31071
-3.856887e-008,-5.1946
-3.756887e-008,-6.96238
-3.656887e-008,-6.96238
-3.556887e-008,-8.73017
-3.456887e-008,-9.61406
-3.356887e-008,-7.84627
-3.256887e-008,-9.61406
-3.156887e-008,-12.2657
-3.056887e-008,-11.3818
-2.956887e-008,-10.4979
-2.856887e-008,-8.73017
-2.756887e-008,-6.96238
-2.656887e-008,-6.96238
-2.556887e-008,-8.73017
-2.456887e-008,-8.73017
-2.356887e-008,-7.84627
-2.256887e-008,-6.07849
-2.156887e-008,-6.07849
-2.056887e-008,-6.07849
-1.956887e-008,-4.31071
-1.856887e-008,-6.07849
-1.756887e-008,-2.54292
-1.656887e-008,-2.54292
-1.556887e-008,-3.42681
-1.456887e-008,-2.54292
-1.356887e-008,-3.42681
-1.256887e-008,-4.31071
-1.156887e-008,0.108754
-1.056887e-008,-1.65903
-9.568867e-009,-1.65903
-8.568867e-009,0.992646
-7.568867e-009,-0.775138
-6.568867e-009,-2.54292
-5.568867e-009,0.108754
-4.568867e-009,0.108754
-3.568867e-009,0.108754
-2.568867e-009,2.76043
-1.568867e-009,1.87654
-5.688669e-010,0.108754
4.311331e-010,0.992646
1.431133e-009,-1.65903
2.431133e-009,-2.54292
3.431133e-009,0.108754
4.431133e-009,-2.54292
5.431133e-009,0.992646
6.431133e-009,2.76043
7.431133e-009,6.296
8.431133e-009,7.17989
9.431133e-009,7.17989
1.043113e-008,8.06378
1.143113e-008,5.41211
1.243113e-008,4.52821
1.343113e-008,3.64432
1.443113e-008,6.296
1.543113e-008,8.94767
1.643113e-008,10.7155
1.743113e-008,6.296
1.843113e-008,1.87654
1.943113e-008,-3.42681
2.043113e-008,-11.3818
2.143113e-008,-14.0335
2.243113e-008,-10.4979
2.343113e-008,-9.61406
2.443113e-008,-7.84627
2.543113e-008,-7.84627
2.643113e-008,-6.07849
2.743113e-008,-4.31071
2.843113e-008,-1.65903
2.943113e-008,-2.54292
3.043113e-008,-1.65903
3.143113e-008,-5.1946
3.243113e-008,-7.84627
3.343113e-008,-6.07849
3.443113e-008,-6.07849
3.543113e-008,-5.1946
3.643113e-008,-5.1946
3.743113e-008,-5.1946
3.843113e-008,-6.07849
3.943113e-008,-6.07849
4.043113e-008,-5.1946
4.143113e-008,-6.07849
4.243113e-008,-3.42681
4.343113e-008,-3.42681
4.443113e-008,-1.65903
4.543113e-008,0.992646
4.643113e-008,2.76043
4.743113e-008,4.52821
4.843113e-008,4.52821
4.943113e-008,5.41211
5.043113e-008,5.41211
5.143113e-008,5.41211
5.243113e-008,0.992646
5.343113e-008,-1.65903
5.443113e-008,-0.775138
5.543113e-008,0.108754
5.643113e-008,1.87654
5.743113e-008,2.76043
5.843113e-008,4.52821
5.943113e-008,5.41211
6.043113e-008,4.52821
6.143113e-008,0.992646
6.243113e-008,2.76043
6.343113e-008,4.52821
6.443113e-008,4.52821
6.543113e-008,7.17989
6.643113e-008,6.296
6.743113e-008,8.94767
6.843113e-008,7.17989
6.943113e-008,6.296
7.043113e-008,5.41211
7.143113e-008,4.52821
7.243113e-008,3.64432
7.343113e-008,0.992646
7.443113e-008,0.992646
7.543113e-008,2.76043
7.643113e-008,2.76043
7.743113e-008,5.41211
7.843113e-008,5.41211
7.943113e-008,6.296
8.043113e-008,6.296
8.143113e-008,3.64432
8.243113e-008,2.76043
8.343113e-008,4.52821
8.443113e-008,3.64432
8.543113e-008,4.52821
8.643113e-008,4.52821
8.743113e-008,3.64432
8.843113e-008,3.64432
8.943113e-008,3.64432
9.043113e-008,3.64432
9.143113e-008,4.52821
9.243113e-008,5.41211
9.343113e-008,3.64432
9.443113e-008,3.64432
9.543113e-008,5.41211
9.643113e-008,3.64432
9.743113e-008,4.52821
9.843113e-008,3.64432
9.943113e-008,4.52821
1.004311e-007,0.992646
1.014311e-007,0.108754
1.024311e-007,0.992646
1.034311e-007,0.108754
1.044311e-007,1.87654
1.054311e-007,2.76043
1.064311e-007,5.41211
1.074311e-007,4.52821
1.084311e-007,6.296
1.094311e-007,4.52821
1.104311e-007,6.296
1.114311e-007,6.296
1.124311e-007,6.296
1.134311e-007,6.296
1.144311e-007,3.64432
1.154311e-007,2.76043
1.164311e-007,3.64432
1.174311e-007,2.76043
1.184311e-007,2.76043
1.194311e-007,1.87654
1.204311e-007,3.64432
1.214311e-007,2.76043
1.224311e-007,3.64432
1.234311e-007,5.41211
1.244311e-007,5.41211
1.254311e-007,7.17989
1.264311e-007,7.17989
1.274311e-007,8.06378
1.284311e-007,8.06378
1.294311e-007,6.296
1.304311e-007,7.17989
1.314311e-007,7.17989
1.324311e-007,6.296
1.334311e-007,6.296
1.344311e-007,4.52821
1.354311e-007,3.64432
1.364311e-007,2.76043
1.374311e-007,2.76043
1.384311e-007,4.52821
1.394311e-007,4.52821
1.404311e-007,7.17989
1.414311e-007,5.41211
1.424311e-007,8.06378
1.434311e-007,7.17989
1.444311e-007,8.06378
1.454311e-007,5.41211
1.464311e-007,6.296
1.474311e-007,4.52821
1.484311e-007,3.64432
1.494311e-007,3.64432
1.504311e-007,3.64432
1.514311e-007,1.87654
1.524311e-007,4.52821
1.534311e-007,3.64432
1.544311e-007,3.64432
1.554311e-007,2.76043
1.564311e-007,1.87654
1.574311e-007,1.87654
1.584311e-007,1.87654
1.594311e-007,3.64432
1.604311e-007,3.64432
1.614311e-007,2.76043
1.624311e-007,3.64432
1.634311e-007,2.76043
1.644311e-007,1.87654
1.654311e-007,1.87654
1.664311e-007,-0.775138
1.674311e-007,0.108754
1.684311e-007,1.87654
1.694311e-007,-0.775138
1.704311e-007,0.108754
1.714311e-007,0.992646
1.724311e-007,1.87654
1.734311e-007,0.992646
1.744311e-007,2.76043
1.754311e-007,1.87654
1.764311e-007,0.108754
1.774311e-007,0.992646
1.784311e-007,0.108754
1.794311e-007,0.992646
1.804311e-007,1.87654
1.814311e-007,0.992646
1.824311e-007,0.992646
1.834311e-007,1.87654
1.844311e-007,2.76043
1.854311e-007,1.87654
1.864311e-007,3.64432
1.874311e-007,4.52821
1.884311e-007,4.52821
1.894311e-007,2.76043
1.904311e-007,3.64432
1.914311e-007,4.52821
1.924311e-007,3.64432
1.934311e-007,3.64432
1.944311e-007,4.52821
1.954311e-007,2.76043
1.964311e-007,2.76043
1.974311e-007,2.76043
1.984311e-007,2.76043
1.994311e-007,1.87654
2.004311e-007,3.64432
2.014311e-007,2.76043
2.024311e-007,4.52821
2.034311e-007,4.52821
2.044311e-007,4.52821
2.054311e-007,4.52821
2.064311e-007,6.296
2.074311e-007,2.76043
2.084311e-007,-2.54292
2.094311e-007,-14.0335
2.104311e-007,-31.7114
2.114311e-007,-47.6214
2.124311e-007,-59.112
2.134311e-007,-64.4154
2.144311e-007,-60.8798
2.154311e-007,-53.8087
2.164311e-007,-47.6214
2.174311e-007,-38.7825
2.184311e-007,-30.8275
2.194311e-007,-22.8724
2.204311e-007,-17.5691
2.214311e-007,-14.0335
2.224311e-007,-10.4979
2.234311e-007,-9.61406
2.244311e-007,-7.84627
2.254311e-007,-4.31071
2.264311e-007,-4.31071
2.274311e-007,-0.775138
2.284311e-007,0.992646
2.294311e-007,-0.775138
2.304311e-007,0.108754
2.314311e-007,0.992646
2.324311e-007,0.992646
2.334311e-007,0.992646
2.344311e-007,3.64432
2.354311e-007,2.76043
2.364311e-007,4.52821
2.374311e-007,2.76043
2.384311e-007,4.52821
2.394311e-007,5.41211
2.404311e-007,6.296
2.414311e-007,8.06378
2.424311e-007,7.17989
2.434311e-007,9.83157
2.444311e-007,9.83157
2.454311e-007,7.17989
2.464311e-007,7.17989
2.474311e-007,7.17989
2.484311e-007,9.83157
2.494311e-007,10.7155
2.504311e-007,11.5993
2.514311e-007,11.5993
2.524311e-007,11.5993
2.534311e-007,10.7155
2.544311e-007,11.5993
2.554311e-007,10.7155
2.564311e-007,10.7155
2.574311e-007,11.5993
2.584311e-007,13.3671
2.594311e-007,13.3671
2.604311e-007,12.4832
2.614311e-007,12.4832
2.624311e-007,15.1349
2.634311e-007,13.3671
2.644311e-007,16.9027
2.654311e-007,16.0188
2.664311e-007,18.6705
2.674311e-007,17.7866
2.684311e-007,17.7866
2.694311e-007,16.0188
2.704311e-007,17.7866
2.714311e-007,16.9027
2.724311e-007,16.0188
2.734311e-007,16.9027
2.744311e-007,17.7866
2.754311e-007,18.6705
2.764311e-007,17.7866
2.774311e-007,19.5544
2.784311e-007,19.5544
2.794311e-007,17.7866
2.804311e-007,20.4383
2.814311e-007,17.7866
2.824311e-007,19.5544
2.834311e-007,20.4383
2.844311e-007,19.5544
2.854311e-007,20.4383
2.864311e-007,22.2061
2.874311e-007,21.3222
2.884311e-007,20.4383
2.894311e-007,19.5544
2.904311e-007,18.6705
2.914311e-007,18.6705
2.924311e-007,19.5544
2.934311e-007,19.5544
2.944311e-007,20.4383
2.954311e-007,20.4383
2.964311e-007,21.3222
2.974311e-007,21.3222
2.984311e-007,22.2061
2.994311e-007,20.4383
3.004311e-007,20.4383
3.014311e-007,20.4383
3.024311e-007,19.5544
3.034311e-007,21.3222
3.044311e-007,21.3222
3.054311e-007,22.2061
3.064311e-007,20.4383
3.074311e-007,23.0899
3.084311e-007,20.4383
3.094311e-007,20.4383
3.104311e-007,20.4383
3.114311e-007,20.4383
3.124311e-007,22.2061
3.134311e-007,20.4383
3.144311e-007,22.2061
3.154311e-007,23.0899
3.164311e-007,22.2061
3.174311e-007,20.4383
3.184311e-007,20.4383
3.194311e-007,22.2061
3.204311e-007,22.2061
3.214311e-007,23.0899
3.224311e-007,21.3222
3.234311e-007,23.9738
3.244311e-007,23.9738
3.254311e-007,23.9738
3.264311e-007,23.0899
3.274311e-007,22.2061
3.284311e-007,24.8577
3.294311e-007,22.2061
3.304311e-007,22.2061
3.314311e-007,22.2061
3.324311e-007,22.2061
3.334311e-007,23.0899
3.344311e-007,23.0899
3.354311e-007,22.2061
3.364311e-007,22.2061
3.374311e-007,22.2061
3.384311e-007,22.2061
3.394311e-007,24.8577
3.404311e-007,24.8577
3.414311e-007,23.0899
3.424311e-007,24.8577
3.434311e-007,24.8577
3.444311e-007,23.9738
3.454311e-007,24.8577
3.464311e-007,23.9738
3.474311e-007,22.2061
3.484311e-007,23.0899
3.494311e-007,22.2061
3.504311e-007,22.2061
3.514311e-007,23.9738
3.524311e-007,22.2061
3.534311e-007,22.2061
3.544311e-007,21.3222
3.554311e-007,22.2061
3.564311e-007,19.5544
3.574311e-007,22.2061
3.584311e-007,21.3222
3.594311e-007,22.2061
3.604311e-007,23.0899
3.614311e-007,23.9738
3.624311e-007,23.0899
3.634311e-007,22.2061
3.644311e-007,22.2061
3.654311e-007,20.4383
3.664311e-007,22.2061
3.674311e-007,23.0899
3.684311e-007,21.3222
3.694311e-007,22.2061
3.704311e-007,23.0899
3.714311e-007,22.2061
3.724311e-007,22.2061
3.734311e-007,21.3222
3.744311e-007,21.3222
3.754311e-007,19.5544
3.764311e-007,20.4383
3.774311e-007,19.5544
3.784311e-007,21.3222
3.794311e-007,21.3222
3.804311e-007,22.2061
3.814311e-007,21.3222
3.824311e-007,22.2061
3.834311e-007,22.2061
3.844311e-007,21.3222
3.854311e-007,20.4383
3.864311e-007,19.5544
3.874311e-007,21.3222
3.884311e-007,21.3222
3.894311e-007,21.3222
3.904311e-007,22.2061
3.914311e-007,21.3222
3.924311e-007,21.3222
3.934311e-007,22.2061
3.944311e-007,23.0899
3.954311e-007,21.3222
3.964311e-007,21.3222
3.974311e-007,22.2061
3.984311e-007,23.0899
3.994311e-007,23.9738
4.004311e-007,23.0899
4.014311e-007,23.9738
4.024311e-007,23.0899
4.034311e-007,24.8577
4.044311e-007,22.2061
4.054311e-007,23.0899
4.064311e-007,23.9738
4.074311e-007,23.0899
4.084311e-007,23.9738
4.094311e-007,23.9738
4.104311e-007,22.2061
4.114311e-007,24.8577
4.124311e-007,23.9738
4.134311e-007,23.0899
4.144311e-007,24.8577
4.154311e-007,24.8577
4.164311e-007,23.9738
4.174311e-007,26.6255
4.184311e-007,23.9738
4.194311e-007,24.8577
4.204311e-007,26.6255
4.214311e-007,23.9738
4.224311e-007,25.7416
4.234311e-007,24.8577
4.244311e-007,26.6255
4.254311e-007,30.1611
4.264311e-007,31.045
4.274311e-007,28.3933
4.284311e-007,25.7416
4.294311e-007,21.3222
4.304311e-007,23.0899
4.314311e-007,23.0899
4.324311e-007,28.3933
4.334311e-007,26.6255
4.344311e-007,28.3933
4.354311e-007,28.3933
4.364311e-007,24.8577
4.374311e-007,22.2061
4.384311e-007,25.7416
4.394311e-007,24.8577
4.404311e-007,24.8577
4.414311e-007,25.7416
4.424311e-007,25.7416
4.434311e-007,25.7416
4.444311e-007,25.7416
4.454311e-007,24.8577
4.464311e-007,24.8577
4.474311e-007,25.7416
4.484311e-007,24.8577
4.494311e-007,25.7416
4.504311e-007,24.8577
4.514311e-007,24.8577
4.524311e-007,25.7416
4.534311e-007,25.7416
4.544311e-007,23.9738
4.554311e-007,23.9738
4.564311e-007,25.7416
4.574311e-007,23.9738
4.584311e-007,25.7416
4.594311e-007,24.8577
4.604311e-007,24.8577
4.614311e-007,23.0899
4.624311e-007,25.7416
4.634311e-007,24.8577
4.644311e-007,23.9738
4.654311e-007,25.7416
4.664311e-007,24.8577
4.674311e-007,26.6255
4.684311e-007,26.6255
4.694311e-007,23.9738
4.704311e-007,23.9738
4.714311e-007,23.9738
4.724311e-007,23.0899
4.734311e-007,23.9738
4.744311e-007,25.7416
4.754311e-007,25.7416
4.764311e-007,24.8577
4.774311e-007,24.8577
4.784311e-007,24.8577
4.794311e-007,23.9738
4.804311e-007,23.9738
4.814311e-007,24.8577
4.824311e-007,24.8577
4.834311e-007,25.7416
4.844311e-007,23.9738
4.854311e-007,23.9738
4.864311e-007,23.9738
4.874311e-007,23.9738
4.884311e-007,23.9738
4.894311e-007,23.0899
4.904311e-007,23.9738
4.914311e-007,22.2061
4.924311e-007,23.0899
4.934311e-007,23.0899
4.944311e-007,23.0899
4.954311e-007,24.8577
4.964311e-007,22.2061
4.974311e-007,22.2061
4.984311e-007,22.2061
4.994311e-007,24.8577
5.004311e-007,23.0899
5.014311e-007,23.0899
5.024311e-007,23.0899
5.034311e-007,21.3222
5.044311e-007,22.2061
5.054311e-007,22.2061
5.064311e-007,21.3222
5.074311e-007,23.0899
5.084311e-007,22.2061
5.094311e-007,20.4383
5.104311e-007,23.0899
5.114311e-007,23.9738
5.124311e-007,22.2061
5.134311e-007,21.3222
5.144311e-007,21.3222
5.154311e-007,22.2061
5.164311e-007,21.3222
5.174311e-007,21.3222
5.184311e-007,20.4383
5.194311e-007,21.3222
5.204311e-007,22.2061
5.214311e-007,21.3222
5.224311e-007,23.0899
5.234311e-007,23.0899
5.244311e-007,22.2061
5.254311e-007,22.2061
5.264311e-007,22.2061
5.274311e-007,21.3222
5.284311e-007,23.9738
5.294311e-007,23.0899
5.304311e-007,21.3222
5.314311e-007,23.9738
5.324311e-007,22.2061
5.334311e-007,21.3222
5.344311e-007,23.0899
5.354311e-007,21.3222
5.364311e-007,21.3222
5.374311e-007,22.2061
5.384311e-007,22.2061
5.394311e-007,21.3222
5.404311e-007,23.0899
5.414311e-007,22.2061
5.424311e-007,23.0899
5.434311e-007,24.8577
5.444311e-007,23.0899
5.454311e-007,23.0899
5.464311e-007,22.2061
5.474311e-007,23.0899
5.484311e-007,22.2061
5.494311e-007,23.0899
5.504311e-007,22.2061
5.514311e-007,21.3222
5.524311e-007,23.0899
5.534311e-007,22.2061
5.544311e-007,22.2061
5.554311e-007,23.0899
5.564311e-007,22.2061
5.574311e-007,23.0899
5.584311e-007,23.0899
5.594311e-007,23.9738
5.604311e-007,23.9738
5.614311e-007,23.0899
5.624311e-007,22.2061
5.634311e-007,23.0899
5.644311e-007,23.9738
5.654311e-007,23.0899
5.664311e-007,23.0899
5.674311e-007,23.0899
5.684311e-007,23.0899
5.694311e-007,21.3222
5.704311e-007,23.9738
5.714311e-007,23.0899
5.724311e-007,23.9738
5.734311e-007,23.9738
5.744311e-007,23.0899
5.754311e-007,24.8577
5.764311e-007,26.6255
5.774311e-007,23.9738
5.784311e-007,23.0899
5.794311e-007,23.9738
5.804311e-007,23.0899
5.814311e-007,22.2061
5.824311e-007,24.8577
5.834311e-007,23.0899
5.844311e-007,25.7416
5.854311e-007,24.8577
5.864311e-007,25.7416
5.874311e-007,24.8577
5.884311e-007,27.5094
5.894311e-007,24.8577
5.904311e-007,27.5094
5.914311e-007,28.3933
5.924311e-007,25.7416
5.934311e-007,26.6255
5.944311e-007,27.5094
5.954311e-007,27.5094
5.964311e-007,27.5094
5.974311e-007,26.6255
5.984311e-007,26.6255
5.994311e-007,28.3933
6.004311e-007,28.3933
6.014311e-007,25.7416
6.024311e-007,26.6255
6.034311e-007,28.3933
6.044311e-007,27.5094
6.054311e-007,28.3933
6.064311e-007,31.045
6.074311e-007,31.045
6.084311e-007,30.1611
6.094311e-007,31.045
6.104311e-007,30.1611
6.114311e-007,30.1611
6.124311e-007,30.1611
6.134311e-007,30.1611
6.144311e-007,30.1611
6.154311e-007,30.1611
6.164311e-007,30.1611
6.174311e-007,28.3933
6.184311e-007,31.045
6.194311e-007,27.5094
6.204311e-007,28.3933
6.214311e-007,29.2772
6.224311e-007,30.1611
6.234311e-007,29.2772
6.244311e-007,29.2772
6.254311e-007,28.3933
6.264311e-007,28.3933
6.274311e-007,30.1611
6.284311e-007,28.3933
6.294311e-007,30.1611
6.304311e-007,31.045
6.314311e-007,31.9289
6.324311e-007,32.8128
6.334311e-007,31.9289
6.344311e-007,31.9289
6.354311e-007,32.8128
6.364311e-007,32.8128
6.374311e-007,31.9289
6.384311e-007,31.9289
6.394311e-007,31.9289
6.404311e-007,31.9289
6.414311e-007,31.045
6.424311e-007,31.045
6.434311e-007,33.6966
6.444311e-007,34.5805
6.454311e-007,34.5805
6.464311e-007,37.2322
6.474311e-007,35.4644
6.484311e-007,38.1161
6.494311e-007,37.2322
6.504311e-007,34.5805
6.514311e-007,33.6966
6.524311e-007,31.9289
6.534311e-007,29.2772
6.544311e-007,31.045
6.554311e-007,31.9289
6.564311e-007,32.8128
6.574311e-007,33.6966
6.584311e-007,35.4644
6.594311e-007,36.3483
6.604311e-007,37.2322
6.614311e-007,36.3483
6.624311e-007,35.4644
6.634311e-007,34.5805
6.644311e-007,34.5805
6.654311e-007,32.8128
6.664311e-007,34.5805
6.674311e-007,36.3483
6.684311e-007,36.3483
6.694311e-007,37.2322
6.704311e-007,39
6.714311e-007,39
6.724311e-007,37.2322
6.734311e-007,35.4644
6.744311e-007,33.6966
6.754311e-007,31.9289
6.764311e-007,31.9289
6.774311e-007,33.6966
6.784311e-007,34.5805
6.794311e-007,36.3483
6.804311e-007,39
6.814311e-007,37.2322
6.824311e-007,39
6.834311e-007,37.2322
6.844311e-007,38.1161
6.854311e-007,34.5805
6.864311e-007,34.5805
6.874311e-007,34.5805
6.884311e-007,34.5805
6.894311e-007,32.8128
6.904311e-007,33.6966
6.914311e-007,33.6966
6.924311e-007,33.6966
6.934311e-007,32.8128
6.944311e-007,31.9289
6.954311e-007,30.1611
6.964311e-007,31.9289
6.974311e-007,30.1611
6.984311e-007,30.1611
6.994311e-007,31.045
7.004311e-007,31.045
7.014311e-007,31.045
7.024311e-007,34.5805
7.034311e-007,33.6966
7.044311e-007,33.6966
7.054311e-007,36.3483
7.064311e-007,36.3483
7.074311e-007,36.3483
7.084311e-007,35.4644
7.094311e-007,32.8128
7.104311e-007,31.9289
7.114311e-007,31.9289
7.124311e-007,31.9289
7.134311e-007,30.1611
7.144311e-007,31.9289
7.154311e-007,30.1611
7.164311e-007,32.8128
7.174311e-007,32.8128
7.184311e-007,33.6966
7.194311e-007,35.4644
7.204311e-007,34.5805
7.214311e-007,36.3483
7.224311e-007,35.4644
7.234311e-007,37.2322
7.244311e-007,34.5805
7.254311e-007,33.6966
7.264311e-007,32.8128
7.274311e-007,31.045
7.284311e-007,30.1611
7.294311e-007,30.1611
7.304311e-007,30.1611
7.314311e-007,31.045
7.324311e-007,31.9289
7.334311e-007,29.2772
7.344311e-007,29.2772
7.354311e-007,31.045
7.364311e-007,30.1611
7.374311e-007,28.3933
7.384311e-007,31.045
7.394311e-007,28.3933
7.404311e-007,29.2772
7.414311e-007,30.1611
7.424311e-007,28.3933
7.434311e-007,29.2772
7.444311e-007,31.045
7.454311e-007,27.5094
7.464311e-007,28.3933
7.474311e-007,27.5094
7.484311e-007,27.5094
7.494311e-007,26.6255
7.504311e-007,30.1611
7.514311e-007,28.3933
7.524311e-007,28.3933
7.534311e-007,31.045
7.544311e-007,30.1611
7.554311e-007,31.9289
7.564311e-007,31.045
7.574311e-007,30.1611
7.584311e-007,30.1611
7.594311e-007,29.2772
7.604311e-007,27.5094
7.614311e-007,25.7416
7.624311e-007,26.6255
7.634311e-007,27.5094
7.644311e-007,27.5094
7.654311e-007,28.3933
7.664311e-007,29.2772
7.674311e-007,30.1611
7.684311e-007,31.9289
7.694311e-007,29.2772
7.704311e-007,30.1611
7.714311e-007,30.1611
7.724311e-007,27.5094
7.734311e-007,28.3933
7.744311e-007,28.3933
7.754311e-007,26.6255
7.764311e-007,27.5094
7.774311e-007,25.7416
7.784311e-007,28.3933
7.794311e-007,24.8577
7.804311e-007,28.3933
7.814311e-007,24.8577
7.824311e-007,27.5094
7.834311e-007,29.2772
7.844311e-007,27.5094
7.854311e-007,28.3933
7.864311e-007,28.3933
7.874311e-007,28.3933
7.884311e-007,27.5094
7.894311e-007,27.5094
7.904311e-007,26.6255
7.914311e-007,26.6255
7.924311e-007,28.3933
7.934311e-007,26.6255
7.944311e-007,27.5094
7.954311e-007,27.5094
7.964311e-007,25.7416
7.974311e-007,25.7416
7.984311e-007,28.3933
7.994311e-007,25.7416
8.004311e-007,27.5094
8.014311e-007,28.3933
8.024311e-007,27.5094
8.034311e-007,28.3933
8.044311e-007,28.3933
8.054311e-007,26.6255
8.064311e-007,28.3933
8.074311e-007,28.3933
8.084311e-007,26.6255
8.094311e-007,25.7416
8.104311e-007,26.6255
8.114311e-007,25.7416
8.124311e-007,25.7416
8.134311e-007,26.6255
8.144311e-007,27.5094
8.154311e-007,26.6255
8.164311e-007,26.6255
8.174311e-007,26.6255
8.184311e-007,25.7416
8.194311e-007,29.2772
8.204311e-007,26.6255
8.214311e-007,26.6255
8.224311e-007,25.7416
8.234311e-007,25.7416
8.244311e-007,26.6255
8.254311e-007,27.5094
8.264311e-007,25.7416
8.274311e-007,28.3933
8.284311e-007,28.3933
8.294311e-007,25.7416
8.304311e-007,28.3933
8.314311e-007,27.5094
8.324311e-007,26.6255
8.334311e-007,26.6255
8.344311e-007,28.3933
8.354311e-007,26.6255
8.364311e-007,27.5094
8.374311e-007,27.5094
8.384311e-007,27.5094
8.394311e-007,26.6255
8.404311e-007,29.2772
8.414311e-007,27.5094
8.424311e-007,26.6255
8.434311e-007,28.3933
8.444311e-007,27.5094
8.454311e-007,27.5094
8.464311e-007,30.1611
8.474311e-007,27.5094
8.484311e-007,27.5094
8.494311e-007,29.2772
8.504311e-007,27.5094
8.514311e-007,29.2772
8.524311e-007,29.2772
8.534311e-007,27.5094
8.544311e-007,28.3933
8.554311e-007,27.5094
8.564311e-007,27.5094
8.574311e-007,25.7416
8.584311e-007,28.3933
8.594311e-007,28.3933
8.604311e-007,28.3933
8.614311e-007,28.3933
8.624311e-007,27.5094
8.634311e-007,27.5094
8.644311e-007,30.1611
8.654311e-007,28.3933
8.664311e-007,28.3933
8.674311e-007,31.045
8.684311e-007,27.5094
8.694311e-007,29.2772
8.704311e-007,29.2772
8.714311e-007,28.3933
8.724311e-007,30.1611
8.734311e-007,30.1611
8.744311e-007,31.045
8.754311e-007,29.2772
8.764311e-007,31.045
8.774311e-007,27.5094
8.784311e-007,28.3933
8.794311e-007,31.045
8.804311e-007,30.1611
8.814311e-007,29.2772
8.824311e-007,30.1611
8.834311e-007,31.045
8.844311e-007,30.1611
8.854311e-007,29.2772
8.864311e-007,27.5094
8.874311e-007,27.5094
8.884311e-007,28.3933
8.894311e-007,30.1611
8.904311e-007,29.2772
8.914311e-007,31.045
8.924311e-007,30.1611
8.934311e-007,28.3933
8.944311e-007,31.045
8.954311e-007,28.3933
8.964311e-007,27.5094
8.974311e-007,30.1611
8.984311e-007,27.5094
8.994311e-007,28.3933
9.004311e-007,29.2772
9.014311e-007,27.5094
9.024311e-007,27.5094
9.034311e-007,28.3933
9.044311e-007,26.6255
9.054311e-007,26.6255
9.064311e-007,29.2772
9.074311e-007,27.5094
9.084311e-007,28.3933
9.094311e-007,29.2772
9.104311e-007,29.2772
9.114311e-007,27.5094
9.124311e-007,30.1611
9.134311e-007,28.3933
9.144311e-007,28.3933
9.154311e-007,30.1611
9.164311e-007,27.5094
9.174311e-007,26.6255
9.184311e-007,29.2772
9.194311e-007,26.6255
9.204311e-007,28.3933
9.214311e-007,28.3933
9.224311e-007,27.5094
9.234311e-007,27.5094
9.244311e-007,27.5094
9.254311e-007,26.6255
9.264311e-007,27.5094
9.274311e-007,28.3933
9.284311e-007,28.3933
9.294311e-007,27.5094
9.304311e-007,28.3933
9.314311e-007,28.3933
9.324311e-007,28.3933
9.334311e-007,29.2772
9.344311e-007,27.5094
9.354311e-007,27.5094
9.364311e-007,28.3933
9.374311e-007,26.6255
9.384311e-007,27.5094
9.394311e-007,27.5094
9.404311e-007,27.5094
9.414311e-007,27.5094
9.424311e-007,29.2772
9.434311e-007,28.3933
9.444311e-007,28.3933
9.454311e-007,29.2772
9.464311e-007,26.6255
9.474311e-007,27.5094
9.484311e-007,27.5094
9.494311e-007,29.2772
9.504311e-007,27.5094
9.514311e-007,28.3933
9.524311e-007,25.7416
9.534311e-007,27.5094
9.544311e-007,29.2772
9.554311e-007,26.6255
9.564311e-007,29.2772
9.574311e-007,26.6255
9.584311e-007,27.5094
9.594311e-007,29.2772
9.604311e-007,29.2772
9.614311e-007,26.6255
9.624311e-007,27.5094
9.634311e-007,29.2772
9.644311e-007,25.7416
9.654311e-007,27.5094
9.664311e-007,27.5094
9.674311e-007,26.6255
9.684311e-007,26.6255
9.694311e-007,28.3933
9.704311e-007,26.6255
9.714311e-007,26.6255
9.724311e-007,27.5094
9.734311e-007,26.6255
9.744311e-007,25.7416
9.754311e-007,30.1611
9.764311e-007,27.5094
9.774311e-007,28.3933
9.784311e-007,30.1611
9.794311e-007,27.5094
9.804311e-007,27.5094
9.814311e-007,28.3933
9.824311e-007,26.6255
9.834311e-007,27.5094
9.844311e-007,29.2772
9.854311e-007,27.5094
9.864311e-007,28.3933
9.874311e-007,30.1611
9.884311e-007,27.5094
9.894311e-007,29.2772
9.904311e-007,31.045
9.914311e-007,28.3933
9.924311e-007,29.2772
9.934311e-007,29.2772
9.944311e-007,29.2772
9.954311e-007,30.1611
9.964311e-007,29.2772
9.974311e-007,29.2772
9.984311e-007,29.2772
9.994311e-007,31.045
1.000431e-006,31.045
1.001431e-006,28.3933
1.002431e-006,30.1611
1.003431e-006,30.1611
1.004431e-006,31.045
1.005431e-006,31.045
1.006431e-006,31.045
1.007431e-006,31.045
1.008431e-006,31.9289
1.009431e-006,31.045
1.010431e-006,30.1611
1.011431e-006,33.6966
1.012431e-006,30.1611
1.013431e-006,31.045
1.014431e-006,31.9289
1.015431e-006,30.1611
1.016431e-006,32.8128
1.017431e-006,32.8128
1.018431e-006,32.8128
1.019431e-006,32.8128
1.020431e-006,33.6966
1.021431e-006,31.9289
1.022431e-006,33.6966
1.023431e-006,35.4644
1.024431e-006,35.4644
1.025431e-006,33.6966
1.026431e-006,33.6966
1.027431e-006,35.4644
1.028431e-006,34.5805
1.029431e-006,35.4644
1.030431e-006,34.5805
1.031431e-006,33.6966
1.032431e-006,35.4644
1.033431e-006,35.4644
1.034431e-006,35.4644
1.035431e-006,36.3483
1.036431e-006,36.3483
1.037431e-006,34.5805
1.038431e-006,37.2322
1.039431e-006,37.2322
1.040431e-006,36.3483
1.041431e-006,36.3483
1.042431e-006,37.2322
1.043431e-006,37.2322
1.044431e-006,37.2322
1.045431e-006,36.3483
1.046431e-006,37.2322
1.047431e-006,37.2322
1.048431e-006,38.1161
1.049431e-006,36.3483
1.050431e-006,39
1.051431e-006,39
1.052431e-006,37.2322
1.053431e-006,37.2322
1.054431e-006,39
1.055431e-006,38.1161
1.056431e-006,39
1.057431e-006,39
1.058431e-006,39
1.059431e-006,41.6517
1.060431e-006,39
1.061431e-006,37.2322
1.062431e-006,40.7678
1.063431e-006,39
1.064431e-006,39.8839
1.065431e-006,39.8839
1.066431e-006,40.7678
1.067431e-006,39.8839
1.068431e-006,41.6517
1.069431e-006,40.7678
1.070431e-006,41.6517
1.071431e-006,42.5356
1.072431e-006,41.6517
1.073431e-006,41.6517
1.074431e-006,40.7678
1.075431e-006,45.1872
1.076431e-006,42.5356
1.077431e-006,42.5356
1.078431e-006,42.5356
1.079431e-006,40.7678
1.080431e-006,42.5356
1.081431e-006,43.4195
1.082431e-006,43.4195
1.083431e-006,43.4195
1.084431e-006,42.5356
1.085431e-006,42.5356
1.086431e-006,44.3034
1.087431e-006,46.0711
1.088431e-006,44.3034
1.089431e-006,43.4195
1.090431e-006,43.4195
1.091431e-006,44.3034
1.092431e-006,44.3034
1.093431e-006,45.1872
1.094431e-006,45.1872
1.095431e-006,45.1872
1.096431e-006,46.0711
1.097431e-006,45.1872
1.098431e-006,46.955
1.099431e-006,46.0711
1.100431e-006,46.955
1.101431e-006,46.0711
1.102431e-006,48.7228
1.103431e-006,46.955
1.104431e-006,46.0711
1.105431e-006,49.6067
1.106431e-006,48.7228
1.107431e-006,51.3745
1.108431e-006,51.3745
1.109431e-006,49.6067
1.110431e-006,51.3745
1.111431e-006,51.3745
1.112431e-006,48.7228
1.113431e-006,50.4906
1.114431e-006,50.4906
1.115431e-006,48.7228
1.116431e-006,51.3745
1.117431e-006,52.2584
1.118431e-006,50.4906
1.119431e-006,54.0262
1.120431e-006,53.1423
1.121431e-006,54.0262
1.122431e-006,54.0262
1.123431e-006,54.0262
1.124431e-006,54.0262
1.125431e-006,54.0262
1.126431e-006,53.1423
1.127431e-006,54.0262
1.128431e-006,55.7939
1.129431e-006,55.7939
1.130431e-006,56.6778
1.131431e-006,55.7939
1.132431e-006,56.6778
1.133431e-006,54.9101
1.134431e-006,58.4456
1.135431e-006,58.4456
1.136431e-006,56.6778
1.137431e-006,58.4456
1.138431e-006,59.3295
1.139431e-006,60.2134
1.140431e-006,59.3295
1.141431e-006,59.3295
1.142431e-006,60.2134
1.143431e-006,59.3295
1.144431e-006,61.0973
1.145431e-006,60.2134
1.146431e-006,61.0973
1.147431e-006,62.8651
1.148431e-006,61.9812
1.149431e-006,61.0973
1.150431e-006,63.749
1.151431e-006,63.749
1.152431e-006,62.8651
1.153431e-006,61.9812
1.154431e-006,62.8651
1.155431e-006,63.749
1.156431e-006,64.6329
1.157431e-006,64.6329
1.158431e-006,63.749
1.159431e-006,65.5168
1.160431e-006,65.5168
1.161431e-006,65.5168
1.162431e-006,66.4007
1.163431e-006,67.2845
1.164431e-006,68.1684
1.165431e-006,66.4007
1.166431e-006,67.2845
1.167431e-006,69.0523
1.168431e-006,68.1684
1.169431e-006,68.1684
1.170431e-006,69.0523
1.171431e-006,69.0523
1.172431e-006,69.0523
1.173431e-006,69.0523
1.174431e-006,69.9362
1.175431e-006,68.1684
1.176431e-006,72.5879
1.177431e-006,70.8201
1.178431e-006,71.704
1.179431e-006,72.5879
1.180431e-006,71.704
1.181431e-006,69.9362
1.182431e-006,73.4718
1.183431e-006,73.4718
1.184431e-006,74.3557
1.185431e-006,73.4718
1.186431e-006,73.4718
1.187431e-006,74.3557
1.188431e-006,74.3557
1.189431e-006,73.4718
1.190431e-006,73.4718
1.191431e-006,74.3557
1.192431e-006,75.2396
1.193431e-006,73.4718
1.194431e-006,76.1235
1.195431e-006,75.2396
1.196431e-006,75.2396
1.197431e-006,77.0074
1.198431e-006,76.1235
1.199431e-006,77.0074
1.200431e-006,77.8912
1.201431e-006,77.0074
1.202431e-006,75.2396
1.203431e-006,79.659
1.204431e-006,77.8912
1.205431e-006,77.0074
1.206431e-006,77.8912
1.207431e-006,77.8912
1.208431e-006,77.8912
1.209431e-006,78.7751
1.210431e-006,80.5429
1.211431e-006,78.7751
1.212431e-006,80.5429
1.213431e-006,78.7751
1.214431e-006,79.659
1.215431e-006,80.5429
1.216431e-006,81.4268
1.217431e-006,79.659
1.218431e-006,79.659
1.219431e-006,80.5429
1.220431e-006,81.4268
1.221431e-006,80.5429
1.222431e-006,80.5429
1.223431e-006,79.659
1.224431e-006,82.3107
1.225431e-006,80.5429
1.226431e-006,80.5429
1.227431e-006,81.4268
1.228431e-006,80.5429
1.229431e-006,81.4268
1.230431e-006,82.3107
1.231431e-006,82.3107
1.232431e-006,83.1946
1.233431e-006,83.1946
1.234431e-006,81.4268
1.235431e-006,84.0785
1.236431e-006,81.4268
1.237431e-006,81.4268
1.238431e-006,83.1946
1.239431e-006,80.5429
1.240431e-006,81.4268
1.241431e-006,81.4268
1.242431e-006,82.3107
1.243431e-006,82.3107
1.244431e-006,82.3107
1.245431e-006,82.3107
1.246431e-006,82.3107
1.247431e-006,83.1946
1.248431e-006,82.3107
1.249431e-006,81.4268
1.250431e-006,82.3107
1.251431e-006,82.3107
1.252431e-006,80.5429
1.253431e-006,80.5429
1.254431e-006,82.3107
1.255431e-006,81.4268
1.256431e-006,82.3107
1.257431e-006,81.4268
1.258431e-006,81.4268
1.259431e-006,81.4268
1.260431e-006,82.3107
1.261431e-006,81.4268
1.262431e-006,83.1946
1.263431e-006,83.1946
1.264431e-006,82.3107
1.265431e-006,82.3107
1.266431e-006,82.3107
1.267431e-006,82.3107
1.268431e-006,83.1946
1.269431e-006,81.4268
1.270431e-006,82.3107
1.271431e-006,81.4268
1.272431e-006,82.3107
1.273431e-006,81.4268
1.274431e-006,81.4268
1.275431e-006,81.4268
1.276431e-006,82.3107
1.277431e-006,80.5429
1.278431e-006,81.4268
1.279431e-006,81.4268
1.280431e-006,78.7751
1.281431e-006,79.659
1.282431e-006,80.5429
1.283431e-006,79.659
1.284431e-006,81.4268
1.285431e-006,80.5429
1.286431e-006,78.7751
1.287431e-006,81.4268
1.288431e-006,81.4268
1.289431e-006,80.5429
1.290431e-006,82.3107
1.291431e-006,80.5429
1.292431e-006,79.659
1.293431e-006,79.659
1.294431e-006,80.5429
1.295431e-006,79.659
1.296431e-006,79.659
1.297431e-006,78.7751
1.298431e-006,78.7751
1.299431e-006,81.4268
1.300431e-006,79.659
1.301431e-006,77.8912
1.302431e-006,79.659
1.303431e-006,77.8912
1.304431e-006,78.7751
1.305431e-006,77.8912
1.306431e-006,78.7751
1.307431e-006,78.7751
1.308431e-006,79.659
1.309431e-006,77.0074
1.310431e-006,78.7751
1.311431e-006,79.659
1.312431e-006,77.8912
1.313431e-006,77.8912
1.314431e-006,77.0074
1.315431e-006,77.8912
1.316431e-006,77.8912
1.317431e-006,78.7751
1.318431e-006,79.659
1.319431e-006,83.1946
1.320431e-006,84.0785
1.321431e-006,84.0785
1.322431e-006,83.1946
1.323431e-006,78.7751
1.324431e-006,75.2396
1.325431e-006,73.4718
1.326431e-006,73.4718
1.327431e-006,76.1235
1.328431e-006,77.0074
1.329431e-006,79.659
1.330431e-006,80.5429
1.331431e-006,80.5429
1.332431e-006,79.659
1.333431e-006,76.1235
1.334431e-006,75.2396
1.335431e-006,74.3557
1.336431e-006,74.3557
1.337431e-006,73.4718
1.338431e-006,77.0074
1.339431e-006,78.7751
1.340431e-006,77.8912
1.341431e-006,77.0074
1.342431e-006,76.1235
1.343431e-006,76.1235
1.344431e-006,73.4718
1.345431e-006,73.4718
1.346431e-006,73.4718
1.347431e-006,74.3557
1.348431e-006,73.4718
1.349431e-006,75.2396
1.350431e-006,75.2396
1.351431e-006,74.3557
1.352431e-006,72.5879
1.353431e-006,74.3557
1.354431e-006,70.8201
1.355431e-006,72.5879
1.356431e-006,73.4718
1.357431e-006,71.704
1.358431e-006,72.5879
1.359431e-006,72.5879
1.360431e-006,70.8201
1.361431e-006,71.704
1.362431e-006,70.8201
1.363431e-006,71.704
1.364431e-006,69.9362
1.365431e-006,69.9362
1.366431e-006,69.0523
1.367431e-006,69.0523
1.368431e-006,69.0523
1.369431e-006,69.0523
1.370431e-006,69.0523
1.371431e-006,69.9362
1.372431e-006,69.0523
1.373431e-006,68.1684
1.374431e-006,69.0523
1.375431e-006,69.0523
1.376431e-006,67.2845
1.377431e-006,67.2845
1.378431e-006,67.2845
1.379431e-006,67.2845
1.380431e-006,65.5168
1.381431e-006,65.5168
1.382431e-006,64.6329
1.383431e-006,65.5168
1.384431e-006,66.4007
1.385431e-006,65.5168
1.386431e-006,64.6329
1.387431e-006,65.5168
1.388431e-006,64.6329
1.389431e-006,63.749
1.390431e-006,64.6329
1.391431e-006,63.749
1.392431e-006,62.8651
1.393431e-006,63.749
1.394431e-006,62.8651
1.395431e-006,64.6329
1.396431e-006,62.8651
1.397431e-006,62.8651
1.398431e-006,61.0973
1.399431e-006,61.0973
1.400431e-006,60.2134
1.401431e-006,60.2134
1.402431e-006,60.2134
1.403431e-006,61.0973
1.404431e-006,60.2134
1.405431e-006,58.4456
1.406431e-006,61.0973
1.407431e-006,60.2134
1.408431e-006,58.4456
1.409431e-006,60.2134
1.410431e-006,58.4456
1.411431e-006,59.3295
1.412431e-006,58.4456
1.413431e-006,57.5617
1.414431e-006,57.5617
1.415431e-006,56.6778
1.416431e-006,55.7939
1.417431e-006,56.6778
1.418431e-006,56.6778
1.419431e-006,54.9101
1.420431e-006,54.9101
1.421431e-006,54.0262
1.422431e-006,57.5617
1.423431e-006,56.6778
1.424431e-006,55.7939
1.425431e-006,54.9101
1.426431e-006,54.0262
1.427431e-006,54.9101
1.428431e-006,55.7939
1.429431e-006,54.0262
1.430431e-006,54.0262
1.431431e-006,53.1423
1.432431e-006,54.0262
1.433431e-006,53.1423
1.434431e-006,53.1423
1.435431e-006,53.1423
1.436431e-006,54.0262
1.437431e-006,51.3745
1.438431e-006,53.1423
1.439431e-006,51.3745
1.440431e-006,51.3745
1.441431e-006,53.1423
1.442431e-006,50.4906
1.443431e-006,50.4906
1.444431e-006,51.3745
1.445431e-006,49.6067
1.446431e-006,50.4906
1.447431e-006,50.4906
1.448431e-006,49.6067
1.449431e-006,49.6067
1.450431e-006,49.6067
1.451431e-006,48.7228
1.452431e-006,48.7228
1.453431e-006,48.7228
1.454431e-006,48.7228
1.455431e-006,51.3745
1.456431e-006,50.4906
1.457431e-006,48.7228
1.458431e-006,48.7228
1.459431e-006,49.6067
1.460431e-006,48.7228
1.461431e-006,47.8389
1.462431e-006,48.7228
1.463431e-006,46.955
1.464431e-006,47.8389
1.465431e-006,46.955
1.466431e-006,47.8389
1.467431e-006,48.7228
1.468431e-006,47.8389
1.469431e-006,46.0711
1.470431e-006,47.8389
1.471431e-006,46.955
1.472431e-006,46.955
1.473431e-006,46.0711
1.474431e-006,46.0711
1.475431e-006,46.955
1.476431e-006,45.1872
1.477431e-006,47.8389
1.478431e-006,46.0711
1.479431e-006,45.1872
1.480431e-006,47.8389
1.481431e-006,44.3034
1.482431e-006,46.0711
1.483431e-006,46.0711
1.484431e-006,45.1872
1.485431e-006,44.3034
1.486431e-006,46.955
1.487431e-006,46.0711
1.488431e-006,45.1872
1.489431e-006,46.0711
1.490431e-006,44.3034
1.491431e-006,44.3034
1.492431e-006,45.1872
1.493431e-006,43.4195
1.494431e-006,45.1872
1.495431e-006,43.4195
1.496431e-006,43.4195
1.497431e-006,43.4195
1.498431e-006,43.4195
1.499431e-006,42.5356
1.500431e-006,44.3034
1.501431e-006,42.5356
1.502431e-006,44.3034
1.503431e-006,43.4195
1.504431e-006,44.3034
1.505431e-006,44.3034
1.506431e-006,42.5356
1.507431e-006,43.4195
1.508431e-006,42.5356
1.509431e-006,42.5356
1.510431e-006,43.4195
1.511431e-006,41.6517
1.512431e-006,42.5356
1.513431e-006,42.5356
1.514431e-006,42.5356
1.515431e-006,40.7678
1.516431e-006,42.5356
1.517431e-006,40.7678
1.518431e-006,43.4195
1.519431e-006,42.5356
1.520431e-006,41.6517
1.521431e-006,42.5356
1.522431e-006,41.6517
1.523431e-006,42.5356
1.524431e-006,41.6517
1.525431e-006,41.6517
1.526431e-006,40.7678
1.527431e-006,40.7678
1.528431e-006,41.6517
1.529431e-006,39.8839
1.530431e-006,40.7678
1.531431e-006,42.5356
1.532431e-006,41.6517
1.533431e-006,39
1.534431e-006,42.5356
1.535431e-006,41.6517
1.536431e-006,40.7678
1.537431e-006,40.7678
1.538431e-006,39.8839
1.539431e-006,40.7678
1.540431e-006,39.8839
1.541431e-006,40.7678
1.542431e-006,40.7678
1.543431e-006,40.7678
1.544431e-006,40.7678
1.545431e-006,40.7678
1.546431e-006,41.6517
1.547431e-006,39
1.548431e-006,40.7678
1.549431e-006,39.8839
1.550431e-006,40.7678
1.551431e-006,41.6517
1.552431e-006,40.7678
1.553431e-006,40.7678
1.554431e-006,40.7678
1.555431e-006,42.5356
1.556431e-006,41.6517
1.557431e-006,42.5356
1.558431e-006,42.5356
1.559431e-006,41.6517
1.560431e-006,42.5356
1.561431e-006,39.8839
1.562431e-006,40.7678
1.563431e-006,39.8839
1.564431e-006,39.8839
1.565431e-006,39.8839
1.566431e-006,43.4195
1.567431e-006,42.5356
1.568431e-006,41.6517
1.569431e-006,42.5356
1.570431e-006,42.5356
1.571431e-006,41.6517
1.572431e-006,40.7678
1.573431e-006,40.7678
1.574431e-006,39.8839
1.575431e-006,41.6517
1.576431e-006,42.5356
1.577431e-006,41.6517
1.578431e-006,42.5356
1.579431e-006,42.5356
1.580431e-006,41.6517
1.581431e-006,40.7678
1.582431e-006,44.3034
1.583431e-006,41.6517
1.584431e-006,42.5356
1.585431e-006,40.7678
1.586431e-006,40.7678
1.587431e-006,42.5356
1.588431e-006,43.4195
1.589431e-006,40.7678
1.590431e-006,42.5356
1.591431e-006,42.5356
1.592431e-006,43.4195
1.593431e-006,43.4195
1.594431e-006,42.5356
1.595431e-006,42.5356
1.596431e-006,42.5356
1.597431e-006,43.4195
1.598431e-006,43.4195
1.599431e-006,43.4195
1.600431e-006,45.1872
1.601431e-006,43.4195
1.602431e-006,42.5356
1.603431e-006,42.5356
1.604431e-006,41.6517
1.605431e-006,42.5356
1.606431e-006,41.6517
1.607431e-006,42.5356
1.608431e-006,43.4195
1.609431e-006,42.5356
1.610431e-006,42.5356
1.611431e-006,42.5356
1.612431e-006,43.4195
1.613431e-006,41.6517
1.614431e-006,45.1872
1.615431e-006,44.3034
1.616431e-006,44.3034
1.617431e-006,43.4195
1.618431e-006,44.3034
1.619431e-006,46.0711
1.620431e-006,43.4195
1.621431e-006,41.6517
1.622431e-006,42.5356
1.623431e-006,43.4195
1.624431e-006,45.1872
1.625431e-006,45.1872
1.626431e-006,45.1872
1.627431e-006,46.0711
1.628431e-006,44.3034
1.629431e-006,43.4195
1.630431e-006,44.3034
1.631431e-006,44.3034
1.632431e-006,43.4195
1.633431e-006,45.1872
1.634431e-006,43.4195
1.635431e-006,43.4195
1.636431e-006,43.4195
1.637431e-006,43.4195
1.638431e-006,43.4195
1.639431e-006,45.1872
1.640431e-006,44.3034
1.641431e-006,43.4195
1.642431e-006,43.4195
1.643431e-006,44.3034
1.644431e-006,45.1872
1.645431e-006,43.4195
1.646431e-006,43.4195
1.647431e-006,44.3034
1.648431e-006,45.1872
1.649431e-006,44.3034
1.650431e-006,43.4195
1.651431e-006,45.1872
1.652431e-006,43.4195
1.653431e-006,43.4195
1.654431e-006,43.4195
1.655431e-006,43.4195
1.656431e-006,44.3034
1.657431e-006,44.3034
1.658431e-006,44.3034
1.659431e-006,43.4195
1.660431e-006,43.4195
1.661431e-006,43.4195
1.662431e-006,44.3034
1.663431e-006,45.1872
1.664431e-006,42.5356
1.665431e-006,43.4195
1.666431e-006,42.5356
1.667431e-006,44.3034
1.668431e-006,43.4195
1.669431e-006,44.3034
1.670431e-006,43.4195
1.671431e-006,41.6517
1.672431e-006,43.4195
1.673431e-006,42.5356
1.674431e-006,44.3034
1.675431e-006,42.5356
1.676431e-006,43.4195
1.677431e-006,43.4195
1.678431e-006,44.3034
1.679431e-006,43.4195
1.680431e-006,42.5356
1.681431e-006,43.4195
1.682431e-006,41.6517
1.683431e-006,43.4195
1.684431e-006,43.4195
1.685431e-006,41.6517
1.686431e-006,42.5356
1.687431e-006,42.5356
1.688431e-006,42.5356
1.689431e-006,42.5356
1.690431e-006,42.5356
1.691431e-006,41.6517
1.692431e-006,41.6517
1.693431e-006,40.7678
1.694431e-006,40.7678
1.695431e-006,43.4195
1.696431e-006,40.7678
1.697431e-006,42.5356
1.698431e-006,40.7678
1.699431e-006,42.5356
1.700431e-006,41.6517
1.701431e-006,41.6517
1.702431e-006,41.6517
1.703431e-006,39.8839
1.704431e-006,40.7678
1.705431e-006,40.7678
1.706431e-006,40.7678
1.707431e-006,40.7678
1.708431e-006,40.7678
1.709431e-006,39.8839
1.710431e-006,41.6517
1.711431e-006,40.7678
1.712431e-006,39.8839
1.713431e-006,40.7678
1.714431e-006,40.7678
1.715431e-006,41.6517
1.716431e-006,39.8839
1.717431e-006,39.8839
1.718431e-006,40.7678
1.719431e-006,39.8839
1.720431e-006,39
1.721431e-006,38.1161
1.722431e-006,39.8839
1.723431e-006,40.7678
1.724431e-006,40.7678
1.725431e-006,40.7678
1.726431e-006,41.6517
1.727431e-006,39.8839
1.728431e-006,39.8839
1.729431e-006,39.8839
1.730431e-006,39.8839
1.731431e-006,39.8839
1.732431e-006,39
1.733431e-006,38.1161
1.734431e-006,39
1.735431e-006,39
1.736431e-006,39.8839
1.737431e-006,37.2322
1.738431e-006,39.8839
1.739431e-006,36.3483
1.740431e-006,38.1161
1.741431e-006,38.1161
1.742431e-006,38.1161
1.743431e-006,39
1.744431e-006,39
1.745431e-006,38.1161
1.746431e-006,37.2322
1.747431e-006,39
1.748431e-006,37.2322
1.749431e-006,36.3483
1.750431e-006,36.3483
1.751431e-006,37.2322
1.752431e-006,38.1161
1.753431e-006,38.1161
1.754431e-006,36.3483
1.755431e-006,38.1161
1.756431e-006,36.3483
1.757431e-006,36.3483
1.758431e-006,37.2322
1.759431e-006,37.2322
1.760431e-006,35.4644
1.761431e-006,36.3483
1.762431e-006,37.2322
1.763431e-006,36.3483
1.764431e-006,38.1161
1.765431e-006,39
1.766431e-006,39
1.767431e-006,39
1.768431e-006,38.1161
1.769431e-006,36.3483
1.770431e-006,35.4644
1.771431e-006,32.8128
1.772431e-006,33.6966
1.773431e-006,34.5805
1.774431e-006,37.2322
1.775431e-006,37.2322
1.776431e-006,38.1161
1.777431e-006,36.3483
1.778431e-006,35.4644
1.779431e-006,36.3483
1.780431e-006,35.4644
1.781431e-006,33.6966
1.782431e-006,34.5805
1.783431e-006,34.5805
1.784431e-006,34.5805
1.785431e-006,37.2322
1.786431e-006,36.3483
1.787431e-006,34.5805
1.788431e-006,34.5805
1.789431e-006,33.6966
1.790431e-006,34.5805
1.791431e-006,32.8128
1.792431e-006,33.6966
1.793431e-006,33.6966
1.794431e-006,33.6966
1.795431e-006,33.6966
1.796431e-006,33.6966
1.797431e-006,32.8128
1.798431e-006,33.6966
1.799431e-006,31.9289
1.800431e-006,33.6966
1.801431e-006,33.6966
1.802431e-006,33.6966
1.803431e-006,32.8128
1.804431e-006,33.6966
